{"p_mean": {"-10.0": 0.002921857088804245, "-9.5": 0.0025111683644354343, "-9.0": 0.0, "-8.5": 0.0008156419545412064, "-8.0": 0.0023468374460935593, "-7.5": 0.0077171455509960655, "-7.0": 0.03195574495941401, "-6.5": 0.07238940330222249, "-6.0": 0.1179354583658278, "-5.5": 0.13503884995356202, "-5.0": 0.13418236210010945, "-4.5": 0.14148053875658662, "-4.0": 0.1662902668118477, "-3.5": 0.19977473474107682, "-3.0": 0.24046033702790737, "-2.5": 0.2797091997927055, "-2.0": 0.3208790450170636, "-1.5": 0.35336746982764455, "-1.0": 0.37515189010300676, "-0.5": 0.3994051481911447, "0.0": 0.41386307156295515, "0.5": 0.42505340757750676, "1.0": 0.430040814767417, "1.5": 0.4290872493031202, "2.0": 0.42297772748512213, "2.5": 0.41521166342427024, "3.0": 0.40534876205958426, "3.5": 0.38685837405268103, "4.0": 0.34775465982034803, "4.5": 0.2860425753385789, "5.0": 0.2211919988792579, "5.5": 0.13083883823906944, "6.0": 0.028957040219320333, "6.5": 0.0007616613013669848, "7.0": 1.9584274850785734e-05, "7.5": 0.0, "8.0": 0.003721151053905487, "8.5": 0.003316667415201664, "9.0": 0.0003186459839344025, "9.5": 0.00026911281049251556, "10.0": 0.0}, "p_mean_relative": {"-10.0": 0.26223407769480134, "-9.5": 0.26219656349998727, "-9.0": 0.26159564411640696, "-8.5": 0.26096764662125244, "-8.0": 0.2611478919597912, "-7.5": 0.2620655920480891, "-7.0": 0.2624111442741201, "-6.5": 0.26289756076368526, "-6.0": 0.2671582164677998, "-5.5": 0.2770119732122313, "-5.0": 0.3005275271305615, "-4.5": 0.34085365601533035, "-4.0": 0.3892554239452442, "-3.5": 0.43256749456577964, "-3.0": 0.46328065879207075, "-2.5": 0.48444311295991677, "-2.0": 0.5000074841439258, "-1.5": 0.5110570947072752, "-1.0": 0.5183849203836108, "-0.5": 0.5229375322442561, "0.0": 0.524750506779892, "0.5": 0.5234608316449538, "1.0": 0.5182728651736777, "1.5": 0.5084859471802141, "2.0": 0.4952241211704129, "2.5": 0.4823159483498307, "3.0": 0.46811009940894466, "3.5": 0.4454573271059818, "4.0": 0.4031110079331153, "4.5": 0.3555737045369804, "5.0": 0.30962691470582765, "5.5": 0.2703103381085406, "6.0": 0.24461207256911238, "6.5": 0.23319997655240446, "7.0": 0.23115874885542187, "7.5": 0.2427888258792678, "8.0": 0.2527100466572816, "8.5": 0.2520570524122894, "9.0": 0.2500774725901338, "9.5": 0.25317647424582074, "10.0": 0.2571715827432077}, "p_std": {"-10.0": 0.027826381092486984, "-9.5": 0.023738771957043794, "-9.0": 0.0, "-8.5": 0.008115534979455892, "-8.0": 0.013435440405906255, "-7.5": 0.02819674139755627, "-7.0": 0.06281573473976747, "-6.5": 0.08770103786997462, "-6.0": 0.09678649316641987, "-5.5": 0.10480826375543734, "-5.0": 0.1272665167394741, "-4.5": 0.15726195407915033, "-4.0": 0.19048261124036361, "-3.5": 0.21821543388377027, "-3.0": 0.24485136233819155, "-2.5": 0.26459364705331523, "-2.0": 0.27770357893916436, "-1.5": 0.2865967066401261, "-1.0": 0.29855293371658614, "-0.5": 0.3045057027719914, "0.0": 0.31409134598413846, "0.5": 0.32013775202346445, "1.0": 0.3255204589070203, "1.5": 0.32937615004740073, "2.0": 0.3307446890104962, "2.5": 0.3259668382170594, "3.0": 0.31448942293308374, "3.5": 0.2924455169281977, "4.0": 0.26184715205151177, "4.5": 0.22419855744899844, "5.0": 0.18135242266353527, "5.5": 0.1550232537846634, "6.0": 0.07637645893194786, "6.5": 0.006369421708278802, "7.0": 0.0001376663851792936, "7.5": 0.0, "8.0": 0.037024985502120196, "8.5": 0.029676503225814284, "9.0": 0.0031704875089920833, "9.5": 0.002677638656045076, "10.0": 0.0}, "p_std_relative": {"-10.0": 0.18065453166370474, "-9.5": 0.17658295081697728, "-9.0": 0.17326656075806576, "-8.5": 0.16819381743543796, "-8.0": 0.16235345344226623, "-7.5": 0.1563911583011407, "-7.0": 0.14854734148940765, "-6.5": 0.14453014896157673, "-6.0": 0.14404336166359444, "-5.5": 0.15278866536858263, "-5.0": 0.17962099759355438, "-4.5": 0.2236156789707377, "-4.0": 0.26555090784299284, "-3.5": 0.30002903122148017, "-3.0": 0.3273903105028299, "-2.5": 0.3456804258230359, "-2.0": 0.3577450362493511, "-1.5": 0.3673851710757512, "-1.0": 0.3751189337686927, "-0.5": 0.3811208216939012, "0.0": 0.3850708206014566, "0.5": 0.38672958608944796, "1.0": 0.38688344826315174, "1.5": 0.3860638115010805, "2.0": 0.38296976781441266, "2.5": 0.3735822208603115, "3.0": 0.35693657840500326, "3.5": 0.32865299190794367, "4.0": 0.29371812258841973, "4.5": 0.25333132899795024, "5.0": 0.21697631109996252, "5.5": 0.20990453432952683, "6.0": 0.20430042809000906, "6.5": 0.199106890165141, "7.0": 0.18193078896966736, "7.5": 0.16750445028855046, "8.0": 0.15521953212869358, "8.5": 0.14220651740967793, "9.0": 0.14194952929727084, "9.5": 0.14485707089704558, "10.0": 0.14046451026534024}}