{"p_mean": {"-10.0": 0.0, "-9.5": 0.0, "-9.0": 0.0, "-8.5": 0.0, "-8.0": 0.0, "-7.5": 0.0, "-7.0": 0.0, "-6.5": 0.0, "-6.0": 0.0, "-5.5": 0.0, "-5.0": 0.0030636569857597352, "-4.5": 0.01389954749494791, "-4.0": 0.05158160613849759, "-3.5": 0.10176322586834431, "-3.0": 0.13666743490844965, "-2.5": 0.16947912435978651, "-2.0": 0.19141228288412093, "-1.5": 0.21303513076156377, "-1.0": 0.22571536544710397, "-0.5": 0.23074065417051315, "0.0": 0.230879889652133, "0.5": 0.21921398915350437, "1.0": 0.21248847723007203, "1.5": 0.19861801236867904, "2.0": 0.1878913712501526, "2.5": 0.1813580371439457, "3.0": 0.1785398880392313, "3.5": 0.17732565149664878, "4.0": 0.16946192316710948, "4.5": 0.1581238580495119, "5.0": 0.13659747641533612, "5.5": 0.10455156896263361, "6.0": 0.07126528069376946, "6.5": 0.04781043328344822, "7.0": 0.028520602192729713, "7.5": 0.016323651652783155, "8.0": 0.0006276819109916687, "8.5": 0.00017317920923233033, "9.0": 0.0, "9.5": 6.767878541722893e-05, "10.0": 0.0007238000340294093}, "p_mean_relative": {"-10.0": 0.24892769152601488, "-9.5": 0.24944815045797086, "-9.0": 0.24973346682656497, "-8.5": 0.24989309430194498, "-8.0": 0.25056887507308956, "-7.5": 0.25233840031366234, "-7.0": 0.25550533175673273, "-6.5": 0.2580732021448053, "-6.0": 0.26071028668322294, "-5.5": 0.2654686633633452, "-5.0": 0.27345616135364326, "-4.5": 0.281341430719826, "-4.0": 0.2945588742706101, "-3.5": 0.31115662724013743, "-3.0": 0.32758139937335673, "-2.5": 0.3417553182005571, "-2.0": 0.3530749026254809, "-1.5": 0.361278483342641, "-1.0": 0.36579531248422115, "-0.5": 0.36669179725430046, "0.0": 0.36437422542169867, "0.5": 0.35934115802117, "1.0": 0.352299816580711, "1.5": 0.3433955827067847, "2.0": 0.3323347300063485, "2.5": 0.31906968178787576, "3.0": 0.3045037107611118, "3.5": 0.2903712450286524, "4.0": 0.2780568635323115, "4.5": 0.2685200187314666, "5.0": 0.26365999953714303, "5.5": 0.2630014180256848, "6.0": 0.26345033330691703, "6.5": 0.2636909785528856, "7.0": 0.2646954934908641, "7.5": 0.266530369793482, "8.0": 0.26772033320338046, "8.5": 0.26693446306629703, "9.0": 0.2624391468765514, "9.5": 0.2601922066657456, "10.0": 0.25995561059934474}, "p_std": {"-10.0": 0.0, "-9.5": 0.0, "-9.0": 0.0, "-8.5": 0.0, "-8.0": 0.0, "-7.5": 0.0, "-7.0": 0.0, "-6.5": 0.0, "-6.0": 0.0, "-5.5": 0.0, "-5.0": 0.030483002124348714, "-4.5": 0.05597838910462513, "-4.0": 0.06224615672264058, "-3.5": 0.07934352180904712, "-3.0": 0.09718700060830666, "-2.5": 0.10964987410800059, "-2.0": 0.12214040025975867, "-1.5": 0.12638332724745355, "-1.0": 0.131479021630216, "-0.5": 0.13677440372104924, "0.0": 0.1397795105790819, "0.5": 0.14855698438078305, "1.0": 0.14586764877782682, "1.5": 0.14418613250352544, "2.0": 0.1339649715474129, "2.5": 0.11563264673700775, "3.0": 0.09293587827483618, "3.5": 0.0713523116105851, "4.0": 0.07057709739702892, "4.5": 0.07592074684527973, "5.0": 0.07886724767609671, "5.5": 0.07050263382585592, "6.0": 0.05924666823733478, "6.5": 0.0486662634733069, "7.0": 0.03874564105781999, "7.5": 0.026935025899913805, "8.0": 0.004424654340182091, "8.5": 0.0017231113755422742, "9.0": 0.0, "9.5": 0.0005702940409749043, "10.0": 0.006537689220614353}, "p_std_relative": {"-10.0": 0.10118351235477037, "-9.5": 0.1029442548907413, "-9.0": 0.10686113746167236, "-8.5": 0.11225626345052923, "-8.0": 0.11744337581339881, "-7.5": 0.1221675907898362, "-7.0": 0.12759024977588895, "-6.5": 0.13470531943321723, "-6.0": 0.1434456610285053, "-5.5": 0.14006936731498426, "-5.0": 0.11300892149739394, "-4.5": 0.09993053508569766, "-4.0": 0.11217778754835947, "-3.5": 0.1291103562931802, "-3.0": 0.14816181761172667, "-2.5": 0.16387318563529654, "-2.0": 0.17571924671833838, "-1.5": 0.18461360908720523, "-1.0": 0.19042448855803717, "-0.5": 0.19276959206297373, "0.0": 0.19185478547692364, "0.5": 0.18764033866290017, "1.0": 0.18039311501331648, "1.5": 0.16965563017797827, "2.0": 0.15452335885579002, "2.5": 0.1347684659103277, "3.0": 0.11374916723746187, "3.5": 0.09890693805134157, "4.0": 0.09939367658600923, "4.5": 0.10940321423826542, "5.0": 0.11233154185331877, "5.5": 0.09926218311123718, "6.0": 0.08309899744294673, "6.5": 0.07986136738202891, "7.0": 0.08538173235158708, "7.5": 0.09139538451743319, "8.0": 0.09708501472592246, "8.5": 0.09921641973402492, "9.0": 0.09439676173695244, "9.5": 0.09234452170701281, "10.0": 0.0913878013289126}}