{"p_mean": {"-10.0": 0.0, "-9.5": 0.0, "-9.0": 0.0, "-8.5": 0.0, "-8.0": 0.0, "-7.5": 0.0, "-7.0": 0.0, "-6.5": 0.001480408823117614, "-6.0": 0.002262621354311705, "-5.5": 0.009252828881144523, "-5.0": 0.014024498350918293, "-4.5": 0.03617467164993286, "-4.0": 0.08216178372502327, "-3.5": 0.11746615789830685, "-3.0": 0.15908014364540576, "-2.5": 0.18014890909194947, "-2.0": 0.19510972306132315, "-1.5": 0.2073965361714363, "-1.0": 0.21556468911468982, "-0.5": 0.2240834043174982, "0.0": 0.230879889652133, "0.5": 0.23214034400880337, "1.0": 0.2304342722147703, "1.5": 0.22570566199719905, "2.0": 0.21606864355504513, "2.5": 0.20024073973298073, "3.0": 0.17410086035728456, "3.5": 0.12546873931307345, "4.0": 0.04846608193591237, "4.5": 0.00022951006889343262, "5.0": 0.0, "5.5": 0.0, "6.0": 0.0, "6.5": 0.00016237009316682815, "7.0": 0.0, "7.5": 0.0, "8.0": 0.0, "8.5": 0.0, "9.0": 0.0, "9.5": 0.0, "10.0": 0.0}, "p_mean_relative": {"-10.0": 0.2578437479117752, "-9.5": 0.2568208819783844, "-9.0": 0.25588811133707373, "-8.5": 0.2544854201653056, "-8.0": 0.25298649916904803, "-7.5": 0.25139596172293927, "-7.0": 0.24789422345784032, "-6.5": 0.24364077946227872, "-6.0": 0.24300269320937765, "-5.5": 0.2448082309080513, "-5.0": 0.24876174647476573, "-4.5": 0.25321271876003726, "-4.0": 0.2591186641393033, "-3.5": 0.2690858818876734, "-3.0": 0.2861983012650651, "-2.5": 0.30721291135744866, "-2.0": 0.32694334599622016, "-1.5": 0.3428281042748764, "-1.0": 0.3542735309288696, "-0.5": 0.3613563388044389, "0.0": 0.36437422542169867, "0.5": 0.36371551850420886, "1.0": 0.35925566889150284, "1.5": 0.35217882678156087, "2.0": 0.34137172826018186, "2.5": 0.32722545148747245, "3.0": 0.30980412829648335, "3.5": 0.2912750507916658, "4.0": 0.27716081548251875, "4.5": 0.26984490078668855, "5.0": 0.26705963775457336, "5.5": 0.26600193010928963, "6.0": 0.2638722163492698, "6.5": 0.2615957412091349, "7.0": 0.2595976257489086, "7.5": 0.2582041676062126, "8.0": 0.25492477242580835, "8.5": 0.2512767344658139, "9.0": 0.2505621864477761, "9.5": 0.24939166608813998, "10.0": 0.2482115781842559}, "p_std": {"-10.0": 0.0, "-9.5": 0.0, "-9.0": 0.0, "-8.5": 0.0, "-8.0": 0.0, "-7.5": 0.0, "-7.0": 0.0, "-6.5": 0.00971015545381032, "-6.0": 0.012609235346225278, "-5.5": 0.026542913986394807, "-5.0": 0.03444386560117613, "-4.5": 0.055839890178726016, "-4.0": 0.06809026824830601, "-3.5": 0.07293794633803391, "-3.0": 0.07080701487672157, "-2.5": 0.0924189498583539, "-2.0": 0.11325258235203473, "-1.5": 0.12689408724639326, "-1.0": 0.13673215761793373, "-0.5": 0.14022828248493735, "0.0": 0.1397795105790819, "0.5": 0.1399668265202285, "1.0": 0.1371368013679439, "1.5": 0.1310935296857093, "2.0": 0.12120264551732822, "2.5": 0.1071297757732355, "3.0": 0.08723799880388788, "3.5": 0.06792195250479692, "4.0": 0.0546222603506085, "4.5": 0.0022835963523844026, "5.0": 0.0, "5.5": 0.0, "6.0": 0.0, "6.5": 0.0016155620286282552, "7.0": 0.0, "7.5": 0.0, "8.0": 0.0, "8.5": 0.0, "9.0": 0.0, "9.5": 0.0, "10.0": 0.0}, "p_std_relative": {"-10.0": 0.14729119422591647, "-9.5": 0.15575170486603315, "-9.0": 0.16960329109762146, "-8.5": 0.1893186569291333, "-8.0": 0.21848655629262473, "-7.5": 0.2581411975041126, "-7.0": 0.28432436766710817, "-6.5": 0.24701835060979319, "-6.0": 0.16380019238658136, "-5.5": 0.09976042904841206, "-5.0": 0.06301880429962345, "-4.5": 0.04450672296130888, "-4.0": 0.04293261442024268, "-3.5": 0.0546350006430565, "-3.0": 0.08184292388101237, "-2.5": 0.11617963414439417, "-2.0": 0.14439730134169262, "-1.5": 0.16482090722676507, "-1.0": 0.17903638324138121, "-0.5": 0.18808632510919357, "0.0": 0.19185478547692364, "0.5": 0.1912476261593819, "1.0": 0.18620383921028094, "1.5": 0.1771315512771711, "2.0": 0.1637370745006429, "2.5": 0.14595485052271193, "3.0": 0.12153976895416296, "3.5": 0.09162533073105023, "4.0": 0.07875805525594319, "4.5": 0.09204779752889039, "5.0": 0.1219900739359369, "5.5": 0.14529055579575065, "6.0": 0.14205308070616496, "6.5": 0.1298435959902947, "7.0": 0.11748611572437681, "7.5": 0.10538009289403187, "8.0": 0.08613495647061221, "8.5": 0.062025816342827694, "9.0": 0.064880868488666, "9.5": 0.07070643868196698, "10.0": 0.07846245347958603}}