{"p_mean": {"-10.0": 0.0, "-9.5": 0.0, "-9.0": 0.0, "-8.5": 0.0, "-8.0": 0.0, "-7.5": 0.0, "-7.0": 0.0, "-6.5": 0.0, "-6.0": 0.0, "-5.5": 0.0, "-5.0": 0.0, "-4.5": 0.004790837808395736, "-4.0": 0.02055739224422723, "-3.5": 0.04799040810612496, "-3.0": 0.08746530697098934, "-2.5": 0.18527916257211474, "-2.0": 0.27521031195530665, "-1.5": 0.33139518783427774, "-1.0": 0.36807322967913936, "-0.5": 0.39557825679599773, "0.0": 0.41386307156295515, "0.5": 0.4253514958632877, "1.0": 0.4322201756655704, "1.5": 0.4376170029991772, "2.0": 0.4374560527782887, "2.5": 0.43622500699711964, "3.0": 0.4216465866938233, "3.5": 0.3884032691735774, "4.0": 0.3360593626881018, "4.5": 0.2676312944572419, "5.0": 0.17870773679111152, "5.5": 0.11592858548392541, "6.0": 0.052846196847967805, "6.5": 0.016414986639283598, "7.0": 0.005562006634427234, "7.5": 0.003604682981967926, "8.0": 0.0020085369050502778, "8.5": 0.00035879857838153837, "9.0": 0.0, "9.5": 0.0, "10.0": 0.0}, "p_mean_relative": {"-10.0": 0.2456428350145358, "-9.5": 0.24733574056283975, "-9.0": 0.24964135178067098, "-8.5": 0.2524202372805942, "-8.0": 0.254876155906667, "-7.5": 0.2562123023650551, "-7.0": 0.2587678376331646, "-6.5": 0.26374360932421115, "-6.0": 0.2702675737510348, "-5.5": 0.27646108173868367, "-5.0": 0.27711656773172416, "-4.5": 0.2679723410900933, "-4.0": 0.25494190110124726, "-3.5": 0.25114206088514446, "-3.0": 0.27643544350638377, "-2.5": 0.33563148750268984, "-2.0": 0.39323775704573455, "-1.5": 0.43939053284266616, "-1.0": 0.4811447956628967, "-0.5": 0.5093398293122083, "0.0": 0.524750506779892, "0.5": 0.5276500955686926, "1.0": 0.5245647934184509, "1.5": 0.5205185443886772, "2.0": 0.5130724805942901, "2.5": 0.5087501913995556, "3.0": 0.49369944238189484, "3.5": 0.4604469029281486, "4.0": 0.4120186186060992, "4.5": 0.3505710331865483, "5.0": 0.3063292110084409, "5.5": 0.28335529964467404, "6.0": 0.2807695278168718, "6.5": 0.2940264137342881, "7.0": 0.2989124940674243, "7.5": 0.28881452354850223, "8.0": 0.276988692487794, "8.5": 0.2684443449913839, "9.0": 0.26471199225645986, "9.5": 0.26451407094759266, "10.0": 0.2657398612062157}, "p_std": {"-10.0": 0.0, "-9.5": 0.0, "-9.0": 0.0, "-8.5": 0.0, "-8.0": 0.0, "-7.5": 0.0, "-7.0": 0.0, "-6.5": 0.0, "-6.0": 0.0, "-5.5": 0.0, "-5.0": 0.0, "-4.5": 0.030529513316676457, "-4.0": 0.07056759840342942, "-3.5": 0.10321864709021664, "-3.0": 0.13749087562006837, "-2.5": 0.205287454874233, "-2.0": 0.25107243172389354, "-1.5": 0.27096353801775913, "-1.0": 0.2902141955358841, "-0.5": 0.3024111362606232, "0.0": 0.31409134598413846, "0.5": 0.324304586885046, "1.0": 0.3360275832077811, "1.5": 0.3423335147664552, "2.0": 0.3418245029191689, "2.5": 0.3345470391785898, "3.0": 0.3176409303849116, "3.5": 0.3000064880148842, "4.0": 0.2754075420033772, "4.5": 0.23297719021679003, "5.0": 0.17558980153397255, "5.5": 0.13026904703560532, "6.0": 0.07612994980884794, "6.5": 0.03993214805406983, "7.0": 0.037462406957951805, "7.5": 0.03586614281810116, "8.0": 0.019984689874900388, "8.5": 0.0035700007794134555, "9.0": 0.0, "9.5": 0.0, "10.0": 0.0}, "p_std_relative": {"-10.0": 0.11622062608585819, "-9.5": 0.1077406591060538, "-9.0": 0.10767006500579578, "-8.5": 0.11079875851989979, "-8.0": 0.11686675201918863, "-7.5": 0.12678433981386183, "-7.0": 0.1436685539617678, "-6.5": 0.17095379768787225, "-6.0": 0.2069265205369711, "-5.5": 0.23578805313617054, "-5.0": 0.2374394230359988, "-4.5": 0.22140668645646708, "-4.0": 0.20652160927107982, "-3.5": 0.20375659315562944, "-3.0": 0.22873397198463763, "-2.5": 0.27956680840877324, "-2.0": 0.32013247364745234, "-1.5": 0.33834608991209486, "-1.0": 0.3595776007883134, "-0.5": 0.375340971712755, "0.0": 0.3850708206014566, "0.5": 0.3924423800879675, "1.0": 0.3988204483152816, "1.5": 0.3985120594168379, "2.0": 0.3910495776021174, "2.5": 0.37798943059819934, "3.0": 0.3573864401710202, "3.5": 0.33682981282892227, "4.0": 0.31024845491081265, "4.5": 0.26736233296652506, "5.0": 0.237766734238087, "5.5": 0.224439530730389, "6.0": 0.23169946090948323, "6.5": 0.24533841958950361, "7.0": 0.2464819279495984, "7.5": 0.23620602196501364, "8.0": 0.23772882345197174, "8.5": 0.2365691411857932, "9.0": 0.2273154850171854, "9.5": 0.21679269281412214, "10.0": 0.20652845351724508}}