{"p_mean": {"-10.0": 0.0, "-9.5": 0.0, "-9.0": 0.0, "-8.5": 0.0, "-8.0": 0.0, "-7.5": 0.0, "-7.0": 0.0, "-6.5": 0.0, "-6.0": 0.0, "-5.5": 0.0, "-5.0": 0.0, "-4.5": 0.0, "-4.0": 0.008268548026680946, "-3.5": 0.03476221162825823, "-3.0": 0.10534048095345497, "-2.5": 0.17476467940956353, "-2.0": 0.2240897112712264, "-1.5": 0.2606126256659627, "-1.0": 0.28538640595972536, "-0.5": 0.29736381113529203, "0.0": 0.29768686413764955, "0.5": 0.29296379156410696, "1.0": 0.28391399592161176, "1.5": 0.2709029748290777, "2.0": 0.2540609130263329, "2.5": 0.23501416824758053, "3.0": 0.21575000919401646, "3.5": 0.1974397200345993, "4.0": 0.18002309560775756, "4.5": 0.16255365408957004, "5.0": 0.14443012028932573, "5.5": 0.12537506841123103, "6.0": 0.09877647068351507, "6.5": 0.06524433545768261, "7.0": 0.05075556369498372, "7.5": 0.037573737036436794, "8.0": 0.008068822808563709, "8.5": 0.00010765190236270428, "9.0": 0.0, "9.5": 0.0, "10.0": 2.5350418873131275e-05}, "p_mean_relative": {"-10.0": 0.25134879261013404, "-9.5": 0.25345499968397917, "-9.0": 0.25534928069992946, "-8.5": 0.2567583299865387, "-8.0": 0.25780554042977616, "-7.5": 0.2583138387277017, "-7.0": 0.25813932811937584, "-6.5": 0.2576172726986819, "-6.0": 0.25686371849746037, "-5.5": 0.2571342298911636, "-5.0": 0.25802732128514605, "-4.5": 0.2668011565666465, "-4.0": 0.2849818238752252, "-3.5": 0.31083632489523666, "-3.0": 0.3420646464946095, "-2.5": 0.3758343997169115, "-2.0": 0.4074396644159939, "-1.5": 0.4310961478119992, "-1.0": 0.4438565353206789, "-0.5": 0.44693369967551355, "0.0": 0.4419406670701914, "0.5": 0.4310291709113794, "1.0": 0.41501524981116517, "1.5": 0.3949854475004944, "2.0": 0.37211182090536765, "2.5": 0.3472662637462236, "3.0": 0.3222417646643654, "3.5": 0.29808332825047, "4.0": 0.276246433685495, "4.5": 0.2576301551508934, "5.0": 0.24438001639074688, "5.5": 0.23950898674526624, "6.0": 0.24360114984503883, "6.5": 0.2511644985798763, "7.0": 0.25664276897640753, "7.5": 0.25891505852080765, "8.0": 0.2581515113556349, "8.5": 0.2531300052993945, "9.0": 0.24599351428548527, "9.5": 0.2439474311834232, "10.0": 0.24182077035083918}, "p_std": {"-10.0": 0.0, "-9.5": 0.0, "-9.0": 0.0, "-8.5": 0.0, "-8.0": 0.0, "-7.5": 0.0, "-7.0": 0.0, "-6.5": 0.0, "-6.0": 0.0, "-5.5": 0.0, "-5.0": 0.0, "-4.5": 0.0, "-4.0": 0.037701985386858865, "-3.5": 0.07252994837184261, "-3.0": 0.0933532620038333, "-2.5": 0.09173373466005066, "-2.0": 0.10002166498040535, "-1.5": 0.1110338910927278, "-1.0": 0.11663566288627762, "-0.5": 0.12081554170590818, "0.0": 0.1253810614620339, "0.5": 0.1256117459177271, "1.0": 0.12055580654464332, "1.5": 0.112529532847605, "2.0": 0.1017902470764081, "2.5": 0.08877112718084076, "3.0": 0.07543316574086135, "3.5": 0.06126649495129694, "4.0": 0.050593521045732455, "4.5": 0.0477508540402245, "5.0": 0.046192542375742655, "5.5": 0.04036594172109785, "6.0": 0.04064222570658687, "6.5": 0.04522567265721222, "7.0": 0.03812372343285778, "7.5": 0.03134303963296124, "8.0": 0.018088365203539063, "8.5": 0.0010711229043151923, "9.0": 0.0, "9.5": 0.0, "10.0": 0.00025223348304156176}, "p_std_relative": {"-10.0": 0.0962829404250686, "-9.5": 0.10361092456839541, "-9.0": 0.112747841486553, "-8.5": 0.12170846528399591, "-8.0": 0.1287374133293934, "-7.5": 0.13250195599839273, "-7.0": 0.13243181796112585, "-6.5": 0.12842835367576513, "-6.0": 0.12035015663134903, "-5.5": 0.11067957014018345, "-5.0": 0.1024618416749764, "-4.5": 0.09469142342594665, "-4.0": 0.09823097919594562, "-3.5": 0.11406362640754297, "-3.0": 0.13368167113916182, "-2.5": 0.1513355809038841, "-2.0": 0.16605932679397842, "-1.5": 0.1778514846745333, "-1.0": 0.1853225966531726, "-0.5": 0.18816119719545357, "0.0": 0.18643686341092325, "0.5": 0.18050979518969013, "1.0": 0.17103647093370108, "1.5": 0.15865385413523544, "2.0": 0.14286574125030516, "2.5": 0.12396716097735003, "3.0": 0.10380246573861604, "3.5": 0.08547776613683668, "4.0": 0.07410034008874572, "4.5": 0.07284461972923642, "5.0": 0.07571378413462311, "5.5": 0.07305924808042491, "6.0": 0.06438591686015241, "6.5": 0.06804427026684681, "7.0": 0.08552199028726497, "7.5": 0.10455525206715564, "8.0": 0.11539758999401618, "8.5": 0.10460958231519518, "9.0": 0.07455634091414723, "9.5": 0.08290349852094925, "10.0": 0.08778164441880788}}