{"p_mean": {"-10.0": 0.0, "-9.5": 0.0, "-9.0": 0.0, "-8.5": 0.0, "-8.0": 0.0, "-7.5": 0.0, "-7.0": 0.0, "-6.5": 0.0, "-6.0": 0.0, "-5.5": 0.0, "-5.0": 0.0, "-4.5": 0.0, "-4.0": 0.0032251551182707772, "-3.5": 0.05086432393349241, "-3.0": 0.15398992404952877, "-2.5": 0.3202453539083945, "-2.0": 0.460582365199225, "-1.5": 0.5174103909358382, "-1.0": 0.5364743036660365, "-0.5": 0.5558748688991182, "0.0": 0.5686184749065433, "0.5": 0.571899107141653, "1.0": 0.5690103634720436, "1.5": 0.5571508397889556, "2.0": 0.5440975303121377, "2.5": 0.5287248123192694, "3.0": 0.5022044090996496, "3.5": 0.4642558007221669, "4.0": 0.4135901532880962, "4.5": 0.34510586998425424, "5.0": 0.26509392287582156, "5.5": 0.17608500940725208, "6.0": 0.07852062669815496, "6.5": 0.019928873425815254, "7.0": 0.0015447663865052164, "7.5": 0.0, "8.0": 0.0, "8.5": 0.0, "9.0": 0.0, "9.5": 0.0, "10.0": 0.0}, "p_mean_relative": {"-10.0": 0.26671167822175235, "-9.5": 0.2687573507748209, "-9.0": 0.2688175513613478, "-8.5": 0.2675286478886742, "-8.0": 0.26512177755526173, "-7.5": 0.26382867993907205, "-7.0": 0.2657469918861019, "-6.5": 0.26813426243940713, "-6.0": 0.26972452382154377, "-5.5": 0.26702412444198326, "-5.0": 0.2602530371013938, "-4.5": 0.2550287602963566, "-4.0": 0.25556543419013794, "-3.5": 0.28184193304805466, "-3.0": 0.35934319288549493, "-2.5": 0.4839735156127094, "-2.0": 0.5993436985505426, "-1.5": 0.648318843502541, "-1.0": 0.6687750660611296, "-0.5": 0.6947409202485849, "0.0": 0.7101641725819374, "0.5": 0.710418933578777, "1.0": 0.7006282354574828, "1.5": 0.6793339705470658, "2.0": 0.6588196563164018, "2.5": 0.6368133299183316, "3.0": 0.5999533362123485, "3.5": 0.5504074062129218, "4.0": 0.4928261496479262, "4.5": 0.4207808284290106, "5.0": 0.34339796648649246, "5.5": 0.2906503105939182, "6.0": 0.28403499121034065, "6.5": 0.311564553795675, "7.0": 0.301102516412212, "7.5": 0.27287600422242614, "8.0": 0.24910112219250588, "8.5": 0.23708501467769616, "9.0": 0.23500558668839788, "9.5": 0.24213986123406897, "10.0": 0.25684811991967493}, "p_std": {"-10.0": 0.0, "-9.5": 0.0, "-9.0": 0.0, "-8.5": 0.0, "-8.0": 0.0, "-7.5": 0.0, "-7.0": 0.0, "-6.5": 0.0, "-6.0": 0.0, "-5.5": 0.0, "-5.0": 0.0, "-4.5": 0.0, "-4.0": 0.019829759500949343, "-3.5": 0.10380539465025884, "-3.0": 0.1931668450915858, "-2.5": 0.2581815409641961, "-2.0": 0.2897133609741884, "-1.5": 0.3018921854531609, "-1.0": 0.3023187383964065, "-0.5": 0.2996696280199694, "0.0": 0.3053052378177284, "0.5": 0.3128472571438835, "1.0": 0.3194436072799943, "1.5": 0.3276755092128844, "2.0": 0.3346667829176611, "2.5": 0.33548617812042597, "3.0": 0.3314208080908436, "3.5": 0.3187897612378898, "4.0": 0.29039065288857996, "4.5": 0.2550575300676202, "5.0": 0.22369213827707712, "5.5": 0.15787784767250804, "6.0": 0.10892393664075416, "6.5": 0.055563025539473, "7.0": 0.01051341969715836, "7.5": 0.0, "8.0": 0.0, "8.5": 0.0, "9.0": 0.0, "9.5": 0.0, "10.0": 0.0}, "p_std_relative": {"-10.0": 0.0920462153723562, "-9.5": 0.08532739522538534, "-9.0": 0.09013373890077729, "-8.5": 0.09568091265410932, "-8.0": 0.10052017204631834, "-7.5": 0.10541240511016843, "-7.0": 0.11210839538008054, "-6.5": 0.12416502561872804, "-6.0": 0.1429717543294877, "-5.5": 0.15959633584647293, "-5.0": 0.1626049799128006, "-4.5": 0.1646581454463476, "-4.0": 0.18393806993753503, "-3.5": 0.2317520186579105, "-3.0": 0.2946610161153601, "-2.5": 0.34458974821731697, "-2.0": 0.3596635183694119, "-1.5": 0.36712995856009284, "-1.0": 0.3679290968272194, "-0.5": 0.36563060977463646, "0.0": 0.37391318092685505, "0.5": 0.38242619706419523, "1.0": 0.3880901682378711, "1.5": 0.39530352752322234, "2.0": 0.40041672983694565, "2.5": 0.39658843188169296, "3.0": 0.3854846937042672, "3.5": 0.3666274648381085, "4.0": 0.33484453598421576, "4.5": 0.2969732981517947, "5.0": 0.2703493942079364, "5.5": 0.21761446122487535, "6.0": 0.23245069615121247, "6.5": 0.2813266333232227, "7.0": 0.25506120886863, "7.5": 0.18682835947848125, "8.0": 0.1418240502584298, "8.5": 0.14514117515856712, "9.0": 0.1472953567377204, "9.5": 0.12977987825886753, "10.0": 0.10741218247001898}}