{"p_mean": {"-10.0": 0.0, "-9.5": 0.0, "-9.0": 0.0, "-8.5": 0.0, "-8.0": 0.0, "-7.5": 0.0, "-7.0": 4.940086044371128e-05, "-6.5": 0.01604005379602313, "-6.0": 0.01027277085930109, "-5.5": 0.005159088261425495, "-5.0": 0.01091545045375824, "-4.5": 0.05869251064956188, "-4.0": 0.09478934332728386, "-3.5": 0.14284907460212706, "-3.0": 0.17553756564855574, "-2.5": 0.20760867029428481, "-2.0": 0.23843353033065795, "-1.5": 0.2655221358686686, "-1.0": 0.285340211763978, "-0.5": 0.29449969582259655, "0.0": 0.29768686413764955, "0.5": 0.2932851755619049, "1.0": 0.2812215396016836, "1.5": 0.2603276373445988, "2.0": 0.234700236171484, "2.5": 0.19467448055744171, "3.0": 0.13108021654188634, "3.5": 0.03094468466937542, "4.0": 0.002060120776295662, "4.5": 0.0, "5.0": 0.0, "5.5": 0.0, "6.0": 0.0, "6.5": 0.0, "7.0": 0.0, "7.5": 0.0, "8.0": 0.0, "8.5": 0.0, "9.0": 0.0, "9.5": 0.0, "10.0": 0.0}, "p_mean_relative": {"-10.0": 0.26368270709826763, "-9.5": 0.26225819457315264, "-9.0": 0.2604273257999047, "-8.5": 0.2587056578852136, "-8.0": 0.2564061209595989, "-7.5": 0.25355814889010486, "-7.0": 0.25068332211783345, "-6.5": 0.24787836277043443, "-6.0": 0.24338057260060636, "-5.5": 0.2401224670811442, "-5.0": 0.24037906737609485, "-4.5": 0.24289909443568047, "-4.0": 0.2479391378920969, "-3.5": 0.2593102468155398, "-3.0": 0.2812656793618951, "-2.5": 0.31352562178195803, "-2.0": 0.3504040493790283, "-1.5": 0.38541509417520714, "-1.0": 0.4134529461922082, "-0.5": 0.43246447991652415, "0.0": 0.4419406670701914, "0.5": 0.4422151879285445, "1.0": 0.433398879902331, "1.5": 0.41577064082701926, "2.0": 0.3899662933445162, "2.5": 0.3577698844154204, "3.0": 0.3245566808098966, "3.5": 0.2964910583227994, "4.0": 0.2784833724421716, "4.5": 0.2687373527909722, "5.0": 0.2634390959095386, "5.5": 0.2580634277902508, "6.0": 0.25383121835852007, "6.5": 0.25149479981283496, "7.0": 0.2505691981552312, "7.5": 0.25011633400767175, "8.0": 0.24935454588903727, "8.5": 0.2491842302422224, "9.0": 0.2554989398598415, "9.5": 0.2539982302978296, "10.0": 0.2521446681296324}, "p_std": {"-10.0": 0.0, "-9.5": 0.0, "-9.0": 0.0, "-8.5": 0.0, "-8.0": 0.0, "-7.5": 0.0, "-7.0": 0.0004915323552375009, "-6.5": 0.032249533278367805, "-6.0": 0.024413635714578174, "-5.5": 0.021530578320170527, "-5.0": 0.03138831245738386, "-4.5": 0.05668597255680363, "-4.0": 0.0603623559889948, "-3.5": 0.04217793926284091, "-3.0": 0.04368586069666668, "-2.5": 0.05977233292776166, "-2.0": 0.08019972267906667, "-1.5": 0.09797775605438215, "-1.0": 0.11115608073137878, "-0.5": 0.12258952491358138, "0.0": 0.1253810614620339, "0.5": 0.12404149911622778, "1.0": 0.1183458829265779, "1.5": 0.11120264614474681, "2.0": 0.0956941779078669, "2.5": 0.084820971702801, "3.0": 0.0847432320312625, "3.5": 0.06433279883456457, "4.0": 0.014938182072229191, "4.5": 0.0, "5.0": 0.0, "5.5": 0.0, "6.0": 0.0, "6.5": 0.0, "7.0": 0.0, "7.5": 0.0, "8.0": 0.0, "8.5": 0.0, "9.0": 0.0, "9.5": 0.0, "10.0": 0.0}, "p_std_relative": {"-10.0": 0.12908610289223396, "-9.5": 0.13473166261595673, "-9.0": 0.14503020147464726, "-8.5": 0.1621288384417567, "-8.0": 0.19243094912071548, "-7.5": 0.24598339995930063, "-7.0": 0.27125737939844247, "-6.5": 0.2099478427971745, "-6.0": 0.12906989792714474, "-5.5": 0.07064567793981533, "-5.0": 0.03702371343039995, "-4.5": 0.027051740171034306, "-4.0": 0.030814417027238482, "-3.5": 0.03916635261809481, "-3.0": 0.05908695486174016, "-2.5": 0.0895573461497484, "-2.0": 0.12084710047756468, "-1.5": 0.14752445629781002, "-1.0": 0.16763048909360478, "-0.5": 0.1802913835344674, "0.0": 0.18643686341092325, "0.5": 0.18662704224882853, "1.0": 0.18061603434587462, "1.5": 0.16889773837862535, "2.0": 0.15156490107650336, "2.5": 0.12921601184609607, "3.0": 0.10432111519885652, "3.5": 0.08031847325185691, "4.0": 0.06422563175129188, "4.5": 0.06939452449863397, "5.0": 0.09945251302525021, "5.5": 0.11635908257271747, "6.0": 0.10537032199238416, "6.5": 0.09691881339730807, "7.0": 0.09422369430034569, "7.5": 0.09431188682872434, "8.0": 0.0958409151861434, "8.5": 0.08524479497522137, "9.0": 0.08271162661655158, "9.5": 0.09305182882327352, "10.0": 0.10262934935899662}}