{"p_mean": {"-10.0": 0.02477666778024286, "-9.5": 0.010069496929645538, "-9.0": 0.0, "-8.5": 0.0009299417585134506, "-8.0": 0.009677820149809122, "-7.5": 0.038028624802827836, "-7.0": 0.09662166286259889, "-6.5": 0.14514087030664086, "-6.0": 0.17255048763006925, "-5.5": 0.19088157698512076, "-5.0": 0.2165758023224771, "-4.5": 0.23398613579571248, "-4.0": 0.2737300842627883, "-3.5": 0.3263883933704346, "-3.0": 0.39000936145894227, "-2.5": 0.4366224781540222, "-2.0": 0.4768011616100557, "-1.5": 0.5057060232851655, "-1.0": 0.5316096888319589, "-0.5": 0.5521637471613939, "0.0": 0.5686184749065433, "0.5": 0.5806843086332083, "1.0": 0.5876743683603126, "1.5": 0.5878960030328017, "2.0": 0.5777472334040794, "2.5": 0.5538457454903982, "3.0": 0.5148943596723257, "3.5": 0.4616271091205999, "4.0": 0.38338492655020673, "4.5": 0.2955291518906597, "5.0": 0.20860598686616869, "5.5": 0.12352071830711793, "6.0": 0.023662940114736557, "6.5": 0.0, "7.0": 0.0, "7.5": 0.0, "8.0": 0.0, "8.5": 0.0, "9.0": 0.0, "9.5": 0.0, "10.0": 0.0}, "p_mean_relative": {"-10.0": 0.24232558214129413, "-9.5": 0.24651256534915816, "-9.0": 0.2502342333037262, "-8.5": 0.2533978464942757, "-8.0": 0.2576920386593569, "-7.5": 0.2643151126371343, "-7.0": 0.26884930398940804, "-6.5": 0.27282240591609186, "-6.0": 0.28869693720436085, "-5.5": 0.33159093065266176, "-5.0": 0.39796328017627125, "-4.5": 0.46673059182296, "-4.0": 0.526497662903305, "-3.5": 0.5745855269839294, "-3.0": 0.6131610592111482, "-2.5": 0.6411798931658859, "-2.0": 0.6614598733374548, "-1.5": 0.6778399465401246, "-1.0": 0.69147894789279, "-0.5": 0.7024002277203729, "0.0": 0.7101641725819374, "0.5": 0.7144453172512217, "1.0": 0.7140125752692278, "1.5": 0.7082439531794611, "2.0": 0.6921883753804572, "2.5": 0.6602942105771923, "3.0": 0.610884909848581, "3.5": 0.5493781784160966, "4.0": 0.4675073470340101, "4.5": 0.38026449977962207, "5.0": 0.31036761254207224, "5.5": 0.2687155968323404, "6.0": 0.24363760758106737, "6.5": 0.21647041465624528, "7.0": 0.21356203902581075, "7.5": 0.23500605654256987, "8.0": 0.2537228547633351, "8.5": 0.26915675519877374, "9.0": 0.2775408457795745, "9.5": 0.27922775561286367, "10.0": 0.2772207814515458}, "p_std": {"-10.0": 0.09335795349408241, "-9.5": 0.060936385722592246, "-9.0": 0.0, "-8.5": 0.00925280366961722, "-8.0": 0.031450675700711826, "-7.5": 0.058420216237621524, "-7.0": 0.08362920919921761, "-6.5": 0.08928909653261193, "-6.0": 0.10117606631909275, "-5.5": 0.1332374861279406, "-5.0": 0.1691162953073034, "-4.5": 0.20431661474105398, "-4.0": 0.2273028285488793, "-3.5": 0.24131085228789612, "-3.0": 0.2478697668524993, "-2.5": 0.2635908901065833, "-2.0": 0.27338018681949683, "-1.5": 0.28549751516017546, "-1.0": 0.29210644429036203, "-0.5": 0.29940806422996974, "0.0": 0.3053052378177284, "0.5": 0.31134579682275043, "1.0": 0.3187060476895267, "1.5": 0.3235352616226624, "2.0": 0.324182849753275, "2.5": 0.32193649327327245, "3.0": 0.31434368129667156, "3.5": 0.29656485710697894, "4.0": 0.26686932775322064, "4.5": 0.2240300282437457, "5.0": 0.18087054221263996, "5.5": 0.1398078154146822, "6.0": 0.07236270730030162, "6.5": 0.0, "7.0": 0.0, "7.5": 0.0, "8.0": 0.0, "8.5": 0.0, "9.0": 0.0, "9.5": 0.0, "10.0": 0.0}, "p_std_relative": {"-10.0": 0.1512702528237106, "-9.5": 0.147495237488274, "-9.0": 0.14292435068663958, "-8.5": 0.1354669979453788, "-8.0": 0.12563245523807395, "-7.5": 0.1185658928311691, "-7.0": 0.1168624625774884, "-6.5": 0.12243649048494959, "-6.0": 0.14212587038892133, "-5.5": 0.178918174096646, "-5.0": 0.22719718050999468, "-4.5": 0.2669808197679436, "-4.0": 0.2957843553401097, "-3.5": 0.3154041671526257, "-3.0": 0.33313143214827645, "-2.5": 0.3490442749041093, "-2.0": 0.3590203467414839, "-1.5": 0.3650643579482141, "-1.0": 0.36880962746878976, "-0.5": 0.3715981859728354, "0.0": 0.37391318092685505, "0.5": 0.37688828418118303, "1.0": 0.3820993883214263, "1.5": 0.3853884925117151, "2.0": 0.38468945265793875, "2.5": 0.3820153006042777, "3.0": 0.37219880233076635, "3.5": 0.3510364578843136, "4.0": 0.3148691182804348, "4.5": 0.27433378788167984, "5.0": 0.23887301525213747, "5.5": 0.21271895916780498, "6.0": 0.1930409192536333, "6.5": 0.17080071335910976, "7.0": 0.13192189255754574, "7.5": 0.11955235531597953, "8.0": 0.11677645760513305, "8.5": 0.12273624171855417, "9.0": 0.13018940539346857, "9.5": 0.12498013941066514, "10.0": 0.11680977062279049}}