{"p_mean": {"-10.0": 0.0, "-9.5": 0.0, "-9.0": 0.0, "-8.5": 0.0, "-8.0": 6.988342385739088e-05, "-7.5": 6.434321403503418e-05, "-7.0": 5.8795236982405185e-05, "-6.5": 0.0013519098632968963, "-6.0": 0.0017232515732757748, "-5.5": 0.0020189138071145863, "-5.0": 0.00431174568249844, "-4.5": 0.012574036527657881, "-4.0": 0.056263132349122315, "-3.5": 0.11196551524451934, "-3.0": 0.15623610115610062, "-2.5": 0.20517328798770904, "-2.0": 0.2283011095970869, "-1.5": 0.2413935687765479, "-1.0": 0.24102421514689923, "-0.5": 0.23261177103966474, "0.0": 0.21702593561261893, "0.5": 0.1949214318022132, "1.0": 0.17100418448448182, "1.5": 0.1446914728730917, "2.0": 0.1282793640345335, "2.5": 0.12800927706062792, "3.0": 0.12390415862202644, "3.5": 0.13071125030517577, "4.0": 0.12410601563751697, "4.5": 0.11638039276003838, "5.0": 0.1035820933803916, "5.5": 0.07910434130579233, "6.0": 0.054909864952787754, "6.5": 0.03879253786057234, "7.0": 0.03041094114072621, "7.5": 0.01812373597174883, "8.0": 0.005091231446713209, "8.5": 0.0031252358853816986, "9.0": 0.00194371297955513, "9.5": 0.0006795214116573334, "10.0": 0.0}, "p_mean_relative": {"-10.0": 0.2624651142236197, "-9.5": 0.26169558032535256, "-9.0": 0.26090400296600513, "-8.5": 0.2599699598289112, "-8.0": 0.25914425412968717, "-7.5": 0.25876023986634933, "-7.0": 0.2596906724564746, "-6.5": 0.26382637298294653, "-6.0": 0.27186507935762916, "-5.5": 0.2781223306859948, "-5.0": 0.2714652514104492, "-4.5": 0.26819968617769235, "-4.0": 0.2751851125865123, "-3.5": 0.2877442817344813, "-3.0": 0.3031152388683493, "-2.5": 0.3172712305357408, "-2.0": 0.328512128523574, "-1.5": 0.336185724771304, "-1.0": 0.3408088955762751, "-0.5": 0.34157637764109827, "0.0": 0.33927799295897126, "0.5": 0.33392060735047857, "1.0": 0.3263460808080193, "1.5": 0.31685702073452443, "2.0": 0.3056502508454401, "2.5": 0.2939006708360388, "3.0": 0.28230582914094887, "3.5": 0.2719339560991179, "4.0": 0.26281680438426985, "4.5": 0.25499963774893003, "5.0": 0.2501919146665046, "5.5": 0.2485692883993336, "6.0": 0.24913915129814246, "6.5": 0.2513709157857427, "7.0": 0.2538926313162769, "7.5": 0.2560314107145618, "8.0": 0.25609602177100094, "8.5": 0.2536881179998278, "9.0": 0.2501907297424975, "9.5": 0.24809815086787432, "10.0": 0.2477383796879358}, "p_std": {"-10.0": 0.0, "-9.5": 0.0, "-9.0": 0.0, "-8.5": 0.0, "-8.0": 0.0006953312880010097, "-7.5": 0.0006402068962792135, "-7.0": 0.0005850052215919968, "-6.5": 0.0127121724387657, "-6.0": 0.01695052394504728, "-5.5": 0.019922239377959224, "-5.0": 0.02599887531901569, "-4.5": 0.03979871947643756, "-4.0": 0.07330108072802621, "-3.5": 0.08943083673321553, "-3.0": 0.10706580348169839, "-2.5": 0.1205298937278787, "-2.0": 0.13357940379942004, "-1.5": 0.14027928622343205, "-1.0": 0.14711668972582304, "-0.5": 0.14933884219199253, "0.0": 0.1473756313794415, "0.5": 0.14419545000785167, "1.0": 0.1403204523794504, "1.5": 0.13413152284988006, "2.0": 0.12237473572018906, "2.5": 0.10614210967673919, "3.0": 0.09622257054691151, "3.5": 0.08367907905009904, "4.0": 0.0805576301972448, "4.5": 0.0770825632757514, "5.0": 0.06962479567085032, "5.5": 0.059982547043285775, "6.0": 0.05091495598762194, "6.5": 0.04307470378652773, "7.0": 0.034684757370194476, "7.5": 0.025973065117537, "8.0": 0.025926761737589173, "8.5": 0.027715560731214266, "9.0": 0.01933969995998432, "9.5": 0.006761152678440027, "10.0": 0.0}, "p_std_relative": {"-10.0": 0.10642570581900707, "-9.5": 0.11019604301432456, "-9.0": 0.11524438347996648, "-8.5": 0.11985919903668951, "-8.0": 0.1226278001188634, "-7.5": 0.1238607394504285, "-7.0": 0.12646178407262257, "-6.5": 0.1324563047882354, "-6.0": 0.14373742109234555, "-5.5": 0.15467859262443076, "-5.0": 0.13880019325670198, "-4.5": 0.1043545832397853, "-4.0": 0.09428580737426992, "-3.5": 0.11166355955968259, "-3.0": 0.13686678663139565, "-2.5": 0.1580062050124527, "-2.0": 0.17206264322419335, "-1.5": 0.18068160465316943, "-1.0": 0.18531051908544513, "-0.5": 0.1853554500541161, "0.0": 0.18076205074913054, "0.5": 0.172070735601949, "1.0": 0.16022186551515566, "1.5": 0.1454187315875839, "2.0": 0.12797255644978048, "2.5": 0.10912654099083109, "3.0": 0.09323335379116121, "3.5": 0.08447010983851262, "4.0": 0.08434056137763929, "4.5": 0.08891938104787403, "5.0": 0.08627750558401419, "5.5": 0.07175831644519864, "6.0": 0.06286234333303273, "6.5": 0.0690934130333826, "7.0": 0.082646777646602, "7.5": 0.09586716214643975, "8.0": 0.10292130749677174, "8.5": 0.10245121775295807, "9.0": 0.09805188870064611, "9.5": 0.09500057830613458, "10.0": 0.0900063344164691}}