{"p_mean": {"-10.0": 4.22835280187428e-05, "-9.5": 0.002214946448802948, "-9.0": 0.0023560526967048643, "-8.5": 0.002981435600668192, "-8.0": 0.004454314094036817, "-7.5": 0.018964506164193155, "-7.0": 0.0603035830706358, "-6.5": 0.12038895607925952, "-6.0": 0.16544150826521217, "-5.5": 0.17742759542539716, "-5.0": 0.17557979116216302, "-4.5": 0.19787790352245793, "-4.0": 0.23821195460273883, "-3.5": 0.2785930643347092, "-3.0": 0.3117026265966706, "-2.5": 0.353237415124604, "-2.0": 0.3845047196451924, "-1.5": 0.41882655904308197, "-1.0": 0.4447190666093229, "-0.5": 0.46178899653401456, "0.0": 0.47661515672996757, "0.5": 0.48559330792581024, "1.0": 0.49044018586122545, "1.5": 0.49013741840717556, "2.0": 0.4839578427272863, "2.5": 0.465568567289738, "3.0": 0.42993039087741636, "3.5": 0.3853867253361386, "4.0": 0.3324306567036547, "4.5": 0.27345593768061005, "5.0": 0.22081459842554976, "5.5": 0.13434041353360499, "6.0": 0.03229266464899865, "6.5": 1.0424149604659761e-06, "7.0": 1.3592383766081183e-06, "7.5": 0.0, "8.0": 0.0, "8.5": 0.0, "9.0": 0.0, "9.5": 0.0, "10.0": 0.0}, "p_mean_relative": {"-10.0": 0.2539696607988752, "-9.5": 0.25363538197466456, "-9.0": 0.25387651350153845, "-8.5": 0.2541565902637275, "-8.0": 0.25364794541070645, "-7.5": 0.2530666099313932, "-7.0": 0.2541188545199579, "-6.5": 0.2601953407353788, "-6.0": 0.27400346108570345, "-5.5": 0.2942527816110215, "-5.0": 0.32996958417976324, "-4.5": 0.3773164246365431, "-4.0": 0.4255692123003241, "-3.5": 0.4654312042832387, "-3.0": 0.49755557860988586, "-2.5": 0.5243344954918518, "-2.0": 0.5454232853182361, "-1.5": 0.5605932762409623, "-1.0": 0.5704771577415485, "-0.5": 0.5766415237514557, "0.0": 0.57838189798491, "0.5": 0.5770141935087075, "1.0": 0.5723059525943556, "1.5": 0.563065741101656, "2.0": 0.5485541966708394, "2.5": 0.5220478285589544, "3.0": 0.4782773487539955, "3.5": 0.42798729401236846, "4.0": 0.37304144732231487, "4.5": 0.3249424020754781, "5.0": 0.2977103550515679, "5.5": 0.2812099051386338, "6.0": 0.2762481610531733, "6.5": 0.27631061906456755, "7.0": 0.2785008929565757, "7.5": 0.27447745532464546, "8.0": 0.2692673533996874, "8.5": 0.2592803267920474, "9.0": 0.25417356719707035, "9.5": 0.25365067429648525, "10.0": 0.25506211687946506}, "p_std": {"-10.0": 0.0003162108271826847, "-9.5": 0.022038438904228547, "-9.0": 0.02344242834382513, "-8.5": 0.02413151079269284, "-8.0": 0.017750623085754858, "-7.5": 0.044976263887217635, "-7.0": 0.07876904262556436, "-6.5": 0.11113306520882582, "-6.0": 0.1364044303625735, "-5.5": 0.15375973097107948, "-5.0": 0.18227600163758284, "-4.5": 0.21363993054799152, "-4.0": 0.2446152157131081, "-3.5": 0.26740190548998893, "-3.0": 0.2844963497957631, "-2.5": 0.29543056566857734, "-2.0": 0.3082862745120458, "-1.5": 0.3132189405624467, "-1.0": 0.3203039176248578, "-0.5": 0.331463208436142, "0.0": 0.33863187129129313, "0.5": 0.3471014903719667, "1.0": 0.3532177284424122, "1.5": 0.35604039630454226, "2.0": 0.3531284196678396, "2.5": 0.3429720362669192, "3.0": 0.32736952764743704, "3.5": 0.3039677002780483, "4.0": 0.2578644985359224, "4.5": 0.21583071171029314, "5.0": 0.19056051665545856, "5.5": 0.1610391814758417, "6.0": 0.09342337441464657, "6.5": 9.766901955372755e-06, "7.0": 1.3524251087582746e-05, "7.5": 0.0, "8.0": 0.0, "8.5": 0.0, "9.0": 0.0, "9.5": 0.0, "10.0": 0.0}, "p_std_relative": {"-10.0": 0.18193731881127187, "-9.5": 0.1774249425842592, "-9.0": 0.17096883145111283, "-8.5": 0.15823242607044666, "-8.0": 0.13762159508274407, "-7.5": 0.12183063007531592, "-7.0": 0.12789760793576357, "-6.5": 0.13989126223491982, "-6.0": 0.16196415685953355, "-5.5": 0.1745910029615904, "-5.0": 0.20317250826939728, "-4.5": 0.24676038165966663, "-4.0": 0.29224197285508713, "-3.5": 0.3227644743665392, "-3.0": 0.3424737087408371, "-2.5": 0.35702233875518463, "-2.0": 0.3699278756935674, "-1.5": 0.38064917402935317, "-1.0": 0.38913173294966696, "-0.5": 0.3961405502845966, "0.0": 0.401691658212195, "0.5": 0.4054024854896174, "1.0": 0.4068275202773959, "1.5": 0.40499427409978506, "2.0": 0.3970077792311092, "2.5": 0.381622953224788, "3.0": 0.3612895593072419, "3.5": 0.33423808641523733, "4.0": 0.28470622799298817, "4.5": 0.24122466631866324, "5.0": 0.2322768640014333, "5.5": 0.23459249961962003, "6.0": 0.24348734527988167, "6.5": 0.25866394655181735, "7.0": 0.2261764321787665, "7.5": 0.17912074509007955, "8.0": 0.1560637353947563, "8.5": 0.13936352704568514, "9.0": 0.1521442240349847, "9.5": 0.1657778857438912, "10.0": 0.16299101006372269}}