{"p_mean": {"-10.0": 0.0, "-9.5": 0.0, "-9.0": 0.0, "-8.5": 0.0, "-8.0": 0.0, "-7.5": 0.0, "-7.0": 0.0, "-6.5": 0.003037706916220486, "-6.0": 0.004971522600390017, "-5.5": 0.009508502911776304, "-5.0": 0.026776257250458003, "-4.5": 0.05892121866345405, "-4.0": 0.09410293847322464, "-3.5": 0.1268508680909872, "-3.0": 0.1450802520662546, "-2.5": 0.1592567812651396, "-2.0": 0.17270472288131714, "-1.5": 0.1822059641033411, "-1.0": 0.19524089321494104, "-0.5": 0.20507859997451305, "0.0": 0.21702593561261893, "0.5": 0.22407383300364017, "1.0": 0.22907107815146446, "1.5": 0.23383894849568607, "2.0": 0.22803243003785612, "2.5": 0.2142260669916868, "3.0": 0.18849503591656686, "3.5": 0.1511107861995697, "4.0": 0.07514017406851053, "4.5": 0.0, "5.0": 0.0, "5.5": 0.0, "6.0": 0.0, "6.5": 0.0, "7.0": 0.0, "7.5": 0.0, "8.0": 0.0, "8.5": 0.0, "9.0": 0.0, "9.5": 0.0, "10.0": 0.0}, "p_mean_relative": {"-10.0": 0.2593397897920524, "-9.5": 0.259977964106464, "-9.0": 0.26195706508524863, "-8.5": 0.2653733181245386, "-8.0": 0.2715286543375153, "-7.5": 0.28188458278310824, "-7.0": 0.2853455844211649, "-6.5": 0.2765729365661988, "-6.0": 0.2655409441806513, "-5.5": 0.2578789570414082, "-5.0": 0.2536775603403052, "-4.5": 0.25112734166195666, "-4.0": 0.2509326804807671, "-3.5": 0.25473949644320704, "-3.0": 0.2642587285726976, "-2.5": 0.27962943128322904, "-2.0": 0.2973742714173819, "-1.5": 0.31405762366218415, "-1.0": 0.32693014338236154, "-0.5": 0.33546092080031314, "0.0": 0.33927799295897126, "0.5": 0.3383940332982886, "1.0": 0.3330612980806429, "1.5": 0.32412119137907175, "2.0": 0.3121478392235346, "2.5": 0.29731808061536485, "3.0": 0.28050889186214045, "3.5": 0.26437486404676114, "4.0": 0.25436123201920896, "4.5": 0.2541967308595583, "5.0": 0.26213281730875493, "5.5": 0.26783558622383125, "6.0": 0.26510758761913134, "6.5": 0.2609502738790184, "7.0": 0.25773025992724213, "7.5": 0.25545420942279085, "8.0": 0.25317840160469884, "8.5": 0.2545459817670039, "9.0": 0.25402289347376983, "9.5": 0.2552592289870806, "10.0": 0.25650207501712396}, "p_std": {"-10.0": 0.0, "-9.5": 0.0, "-9.0": 0.0, "-8.5": 0.0, "-8.0": 0.0, "-7.5": 0.0, "-7.0": 0.0, "-6.5": 0.016903510798855652, "-6.0": 0.020856202371575126, "-5.5": 0.028917237394142044, "-5.0": 0.048142767092159235, "-4.5": 0.0659926757368739, "-4.0": 0.07170901721979112, "-3.5": 0.06734555265608762, "-3.0": 0.07135269148571138, "-2.5": 0.08421230463527404, "-2.0": 0.10096898153517961, "-1.5": 0.11968869951911273, "-1.0": 0.13155447531828807, "-0.5": 0.14210767494578205, "0.0": 0.1473756313794415, "0.5": 0.14966510406107347, "1.0": 0.14594782797863556, "1.5": 0.1349239683517855, "2.0": 0.12217289642993029, "2.5": 0.10232938620162675, "3.0": 0.07859551677857662, "3.5": 0.055551168724185924, "4.0": 0.05668239093577502, "4.5": 0.0, "5.0": 0.0, "5.5": 0.0, "6.0": 0.0, "6.5": 0.0, "7.0": 0.0, "7.5": 0.0, "8.0": 0.0, "8.5": 0.0, "9.0": 0.0, "9.5": 0.0, "10.0": 0.0}, "p_std_relative": {"-10.0": 0.1436231601014745, "-9.5": 0.14849539224177963, "-9.0": 0.15744373102483197, "-8.5": 0.17299642205876586, "-8.0": 0.20280817084569125, "-7.5": 0.25375784179947036, "-7.0": 0.27381018749369523, "-6.5": 0.2090291711059797, "-6.0": 0.130912933318692, "-5.5": 0.07711695244270168, "-5.0": 0.04586931621792357, "-4.5": 0.03575762399236012, "-4.0": 0.039050497970192374, "-3.5": 0.04555499412805088, "-3.0": 0.05995222319940939, "-2.5": 0.08549226349602149, "-2.0": 0.11400995932411025, "-1.5": 0.1391913328707112, "-1.0": 0.15887201117990843, "-0.5": 0.17286895799484844, "0.0": 0.18076205074913054, "0.5": 0.18225356944091115, "1.0": 0.17777393562420316, "1.5": 0.16805443863890152, "2.0": 0.15334044308228087, "2.5": 0.13158005768697806, "3.0": 0.10222641732841044, "3.5": 0.07553471070173044, "4.0": 0.06608131292206375, "4.5": 0.07182522167691012, "5.0": 0.09704022292309882, "5.5": 0.11412501149683846, "6.0": 0.1052639371740439, "6.5": 0.0932555633826273, "7.0": 0.08523537680622116, "7.5": 0.08142365628663643, "8.0": 0.07758290150113815, "8.5": 0.06468835054871659, "9.0": 0.06902554821988482, "9.5": 0.07805586383569471, "10.0": 0.08731799320479361}}