{"p_mean": {"-10.0": 0.0, "-9.5": 0.0, "-9.0": 0.0, "-8.5": 0.0, "-8.0": 0.0, "-7.5": 0.0, "-7.0": 0.0, "-6.5": 0.0, "-6.0": 0.0, "-5.5": 0.0, "-5.0": 0.0, "-4.5": 0.0, "-4.0": 0.005516628711484372, "-3.5": 0.03679420858621597, "-3.0": 0.13611090132966638, "-2.5": 0.3007032330610673, "-2.0": 0.39279379203377174, "-1.5": 0.4376209762108192, "-1.0": 0.4599785556020652, "-0.5": 0.4698497840358323, "0.0": 0.47661515672996757, "0.5": 0.48196886078578244, "1.0": 0.48404792394030666, "1.5": 0.4822265302161395, "2.0": 0.4717204534095072, "2.5": 0.44973956257046666, "3.0": 0.410010242620483, "3.5": 0.36552929677302015, "4.0": 0.3188272269954905, "4.5": 0.2673188162679253, "5.0": 0.21460450185986701, "5.5": 0.15371125012170522, "6.0": 0.05584927374497056, "6.5": 0.017293888614076422, "7.0": 0.004838534612208605, "7.5": 6.766270904336125e-05, "8.0": 8.210347732529045e-06, "8.5": 9.342008852399885e-06, "9.0": 0.0, "9.5": 0.0, "10.0": 0.0}, "p_mean_relative": {"-10.0": 0.24612099817126368, "-9.5": 0.24534747811344562, "-9.0": 0.24513973601516306, "-8.5": 0.24484989434790974, "-8.0": 0.24387053135653075, "-7.5": 0.24274775066232462, "-7.0": 0.2409217433368401, "-6.5": 0.23685697713887613, "-6.0": 0.22793410540090872, "-5.5": 0.2172621936793704, "-5.0": 0.2207862352188439, "-4.5": 0.23863774415154435, "-4.0": 0.2648915310865662, "-3.5": 0.30668043212565116, "-3.0": 0.3691545339193083, "-2.5": 0.44216662406693535, "-2.0": 0.5075279301895402, "-1.5": 0.5460654944491703, "-1.0": 0.565539688479593, "-0.5": 0.5754867579160445, "0.0": 0.57838189798491, "0.5": 0.5765340174737652, "1.0": 0.5691559073472128, "1.5": 0.5570016227490929, "2.0": 0.5349138690154096, "2.5": 0.5018793797234467, "3.0": 0.45986558037664516, "3.5": 0.40978967469072325, "4.0": 0.36289722312652695, "4.5": 0.31705702349890363, "5.0": 0.28095359049175306, "5.5": 0.26446984575368226, "6.0": 0.2649011735588025, "6.5": 0.24858931611674406, "7.0": 0.24627656976017384, "7.5": 0.24951736849820785, "8.0": 0.2525768962661279, "8.5": 0.2547363872418651, "9.0": 0.2580711773551887, "9.5": 0.26104308998218856, "10.0": 0.26282536639126614}, "p_std": {"-10.0": 0.0, "-9.5": 0.0, "-9.0": 0.0, "-8.5": 0.0, "-8.0": 0.0, "-7.5": 0.0, "-7.0": 0.0, "-6.5": 0.0, "-6.0": 0.0, "-5.5": 0.0, "-5.0": 0.0, "-4.5": 0.0, "-4.0": 0.038526231134220136, "-3.5": 0.1035840049772347, "-3.0": 0.20181669132751232, "-2.5": 0.25381666334827013, "-2.0": 0.2919677919361492, "-1.5": 0.3083486355370293, "-1.0": 0.3187768665982354, "-0.5": 0.33025143614724023, "0.0": 0.33863187129129313, "0.5": 0.3443257351100361, "1.0": 0.34751649308998855, "1.5": 0.34845889167505206, "2.0": 0.3473255153717567, "2.5": 0.34350805992202627, "3.0": 0.33225659905102134, "3.5": 0.306327067232898, "4.0": 0.2726102970449475, "4.5": 0.23257899608186897, "5.0": 0.18749230976869655, "5.5": 0.14663111813169544, "6.0": 0.09172300664612072, "6.5": 0.052468330567640484, "7.0": 0.023110470557419962, "7.5": 0.0005142562369494219, "8.0": 8.16919284814322e-05, "8.5": 9.295181445476722e-05, "9.0": 0.0, "9.5": 0.0, "10.0": 0.0}, "p_std_relative": {"-10.0": 0.13949299613636168, "-9.5": 0.12155862778872915, "-9.0": 0.11351103978089905, "-8.5": 0.11179116732355975, "-8.0": 0.1127391014737524, "-7.5": 0.1140687843893996, "-7.0": 0.11618108240740731, "-6.5": 0.12462757482643899, "-6.0": 0.146960278908221, "-5.5": 0.17710522273054752, "-5.0": 0.19156453239358584, "-4.5": 0.19857647554835692, "-4.0": 0.21554021741950344, "-3.5": 0.23717840237555884, "-3.0": 0.2859641003564782, "-2.5": 0.31562253555925096, "-2.0": 0.34623849875269996, "-1.5": 0.3652812062788218, "-1.0": 0.38149231960634294, "-0.5": 0.3947060741582587, "0.0": 0.401691658212195, "0.5": 0.4037236055410916, "1.0": 0.40148736338682545, "1.5": 0.39610554936992, "2.0": 0.3876478316537369, "2.5": 0.37776477005106834, "3.0": 0.36026347586374424, "3.5": 0.33129119800447454, "4.0": 0.2973818601775539, "4.5": 0.2631509264231106, "5.0": 0.2277926312668184, "5.5": 0.20519334743603906, "6.0": 0.22654019292891805, "6.5": 0.27174529425863136, "7.0": 0.27590927828565015, "7.5": 0.26958631441004705, "8.0": 0.25408639328646093, "8.5": 0.23969261588927168, "9.0": 0.23063858965138848, "9.5": 0.21900953918659177, "10.0": 0.2003327094178599}}